email,firstName,lastName,createdBy,createdOn,changedBy,changedOn
john.smith@hp.com,John,Smith,ADMIN,2025-01-10T09:00:00Z,ADMIN,2025-01-10T09:00:00Z
emma.jones@hp.com,Emma,Jones,ADMIN,2025-01-11T09:30:00Z,ADMIN,2025-01-11T09:30:00Z
michael.brown@hp.com,Michael,Brown,ADMIN,2025-01-12T10:00:00Z,ADMIN,2025-01-12T10:00:00Z
olivia.davis@hp.com,Olivia,Davis,ADMIN,2025-01-13T10:15:00Z,ADMIN,2025-01-13T10:15:00Z
william.miller@hp.com,William,Miller,ADMIN,2025-01-14T10:30:00Z,ADMIN,2025-01-14T10:30:00Z
sophia.wilson@hp.com,Sophia,Wilson,ADMIN,2025-01-15T11:00:00Z,ADMIN,2025-01-15T11:00:00Z
james.moore@hp.com,James,Moore,ADMIN,2025-01-16T11:30:00Z,ADMIN,2025-01-16T11:30:00Z
ava.taylor@hp.com,Ava,Taylor,ADMIN,2025-01-17T12:00:00Z,ADMIN,2025-01-17T12:00:00Z
benjamin.anderson@hp.com,Benjamin,Anderson,ADMIN,2025-01-18T12:30:00Z,ADMIN,2025-01-18T12:30:00Z
mia.thomas@hp.com,Mia,Thomas,ADMIN,2025-01-19T13:00:00Z,ADMIN,2025-01-19T13:00:00Z